{
  "commands": [
    "alias",
    "cat",
    "cd",
    "clear",
    "cp",
    "echo",
    "head",
    "export",
    "false",
    "kill",
    "ls",
    "mkdir",
    "mv",
    "pwd",
    "sort",
    "source",
    "tail",
    "touch",
    "true",
    "less",
    "grep",
    "rm",
    "unalias"
    ],
  "globalExclusions": [
    "alias",
    "cd",
    "echo",
    "export",
    "less",
    "sort",
    "source",
    "unalias"
  ],
  "importedCommands": [
    "less",
    "grep"
  ],
  "windowsExclusions": [
    "time"
  ],
  "dependencies": {
    "./dist/delimiter.js": ["username", "./dist/util/converter.path.js", "user-home"],
    "./dist/util/colorFile.js": ["./dist/util/stripAnsi.js"],
    "./dist/util/columnify.js": ["./dist/util/stripAnsi.js", "./dist/util/pad.js"],
    "./dist/util/converter.path.js": [],
    "./dist/util/converter.permissions.js": [],
    "./dist/util/converter.date.js": [],
    "./dist/util/expand.js": ["glob"],
    "./dist/util/fetch.js": ["./dist/util/expand.js"],
    "./dist/util/fileFromPath.js": [],
    "./dist/util/interfacer.js": [],
    "./dist/util/lpad.js": ["./dist/util/stripAnsi.js"],
    "./dist/util/pad.js": ["./dist/util/stripAnsi.js"],
    "./dist/util/stripAnsi.js": [],
    "./dist/util/walkDir.js": [],
    "./dist/util/walkDirRecursive.js": [],
    "./dist/util/unlinkSync.js": []
  },
  "packages": {
    "cat": {
      "dependencies": ["lodash", "vorpal-autocomplete-fs", "glob"],
      "files": [
        "./dist/util/fetch.js",
        "./dist/util/interfacer.js",
        "./dist/util/lpad.js",
        "./dist/util/stripAnsi.js",
        "./dist/util/expand.js"
      ]
    },
    "cp": {
      "dependencies": ["lodash", "vorpal-autocomplete-fs", "glob"],
      "files": [
        "./dist/util/expand.js",
        "./dist/util/interfacer.js"
      ]
    },
    "false": {
      "dependencies": [],
      "files": [
        "./dist/util/interfacer.js"
      ]
    },
    "head": {
      "dependencies": ["vorpal-autocomplete-fs", "glob"],
      "files": [
        "./dist/util/interfacer.js",
        "./dist/util/expand.js"
      ]
    },
    "kill": {
      "dependencies": ["fkill", "lodash"],
      "files": [
        "./dist/util/interfacer.js"
      ]
    },
    "ls": {
      "dependencies": ["lodash", "chalk", "filesize", "vorpal-autocomplete-fs", "glob"],
      "files": [
        "./dist/util/colorFile.js",
        "./dist/util/columnify.js",
        "./dist/util/converter.date.js",
        "./dist/util/expand.js",
        "./dist/util/fileFromPath.js",
        "./dist/util/interfacer.js",
        "./dist/util/pad.js",
        "./dist/util/lpad.js",
        "./dist/util/converter.permissions.js",
        "./dist/util/stripAnsi.js",
        "./dist/util/walkDir.js",
        "./dist/util/walkDirRecursive.js"
      ]
    },
    "mkdir": {
      "dependencies": ["vorpal-autocomplete-fs"],
      "files": ["./dist/util/interfacer.js"]
    },
    "mv": {
      "dependencies": ["lodash", "vorpal-autocomplete-fs", "glob"],
      "files": [
        "./dist/util/expand.js",
        "./dist/util/interfacer.js"
      ]
    },
    "pwd": {
      "dependencies": [],
      "files": [
        "./dist/util/interfacer.js"
      ]
    },
    "sort": {
      "dependencies": ["lodash", "vorpal-autocomplete-fs", "glob", "array-shuffle"],
      "files": [
        "./dist/util/fetch.js",
        "./dist/util/interfacer.js",
        "./dist/util/stripAnsi.js",
        "./dist/util/expand.js"
      ]
    },
    "tail": {
      "dependencies": ["vorpal-autocomplete-fs", "glob"],
      "files": [
        "./dist/util/interfacer.js",
        "./dist/util/converter.path.js",
        "./dist/util/expand.js"
      ]
    },
    "touch": {
      "dependencies": ["lodash", "fs-extra", "vorpal-autocomplete-fs"],
      "files": [
        "./dist/util/interfacer.js",
        "./dist/lib/sugar.js"
      ]
    },
    "true": {
      "dependencies": [],
      "files": [
        "./dist/util/interfacer.js"
      ]
    },
    "rm": {
      "dependencies": ["vorpal-autocomplete-fs", "glob"],
      "files": [
        "./dist/util/expand.js",
        "./dist/util/interfacer.js",
        "./dist/util/unlinkSync.js"
      ]
    }
  }
}
